{"cameraMode":{"drawMode":0,"name":"Shaded","section":"Shading Mode"},"sceneLighting":true,"audioPlay":false,"sceneViewState":{"showFog":false,"showMaterialUpdate":false,"showSkybox":false,"showFlares":false,"showImageEffects":false,"showParticleSystems":false},"in2DMode":false,"pivot":{"x":49.95688247680664,"y":24.028078079223634,"z":-10.01272964477539},"rotation":{"x":-0.04994793236255646,"y":-0.9067761301994324,"z":-0.11238116025924683,"w":0.40332290530204775},"size":79.02703094482422,"orthographic":false}